{
    "sentence_count": 663,
    "token_count": 8004,
    "label_distribution": {
        "B-NP": {
            "count": 1882,
            "ratio": 0.23513243378310844
        },
        "B-VP": {
            "count": 1649,
            "ratio": 0.20602198900549726
        },
        "I-VP": {
            "count": 238,
            "ratio": 0.029735132433783108
        },
        "O": {
            "count": 1856,
            "ratio": 0.2318840579710145
        },
        "I-NP": {
            "count": 1806,
            "ratio": 0.22563718140929534
        },
        "B-ADVP": {
            "count": 471,
            "ratio": 0.0588455772113943
        },
        "I-ADVP": {
            "count": 102,
            "ratio": 0.012743628185907047
        }
    }
}